<annotation>
	<folder>data</folder>
	<filename>Image00371.jpg</filename>
	<path>D:\bump\data\Image00371.jpg</path>
	<source>
		<database>Unknown</database>
	</source>
	<size>
		<width>780</width>
		<height>1040</height>
		<depth>3</depth>
	</size>
	<segmented>0</segmented>
	<object>
		<name>bump</name>
		<pose>Unspecified</pose>
		<truncated>0</truncated>
		<difficult>0</difficult>
		<bndbox>
			<xmin>181</xmin>
			<ymin>359</ymin>
			<xmax>567</xmax>
			<ymax>384</ymax>
		</bndbox>
	</object>
</annotation>
