<annotation>
	<folder>data</folder>
	<filename>Image00196.jpg</filename>
	<path>D:\bump\data\Image00196.jpg</path>
	<source>
		<database>Unknown</database>
	</source>
	<size>
		<width>460</width>
		<height>816</height>
		<depth>3</depth>
	</size>
	<segmented>0</segmented>
	<object>
		<name>bump</name>
		<pose>Unspecified</pose>
		<truncated>0</truncated>
		<difficult>0</difficult>
		<bndbox>
			<xmin>101</xmin>
			<ymin>285</ymin>
			<xmax>371</xmax>
			<ymax>297</ymax>
		</bndbox>
	</object>
</annotation>
