<annotation>
	<folder>data</folder>
	<filename>Image00342.jpg</filename>
	<path>D:\bump\data\Image00342.jpg</path>
	<source>
		<database>Unknown</database>
	</source>
	<size>
		<width>780</width>
		<height>1040</height>
		<depth>3</depth>
	</size>
	<segmented>0</segmented>
	<object>
		<name>bump</name>
		<pose>Unspecified</pose>
		<truncated>0</truncated>
		<difficult>0</difficult>
		<bndbox>
			<xmin>40</xmin>
			<ymin>357</ymin>
			<xmax>649</xmax>
			<ymax>394</ymax>
		</bndbox>
	</object>
</annotation>
