<annotation>
	<folder>data</folder>
	<filename>Image00105.jpg</filename>
	<path>D:\bump\data\Image00105.jpg</path>
	<source>
		<database>Unknown</database>
	</source>
	<size>
		<width>816</width>
		<height>460</height>
		<depth>3</depth>
	</size>
	<segmented>0</segmented>
	<object>
		<name>bump</name>
		<pose>Unspecified</pose>
		<truncated>0</truncated>
		<difficult>0</difficult>
		<bndbox>
			<xmin>147</xmin>
			<ymin>140</ymin>
			<xmax>552</xmax>
			<ymax>174</ymax>
		</bndbox>
	</object>
</annotation>
