<annotation>
	<folder>data</folder>
	<filename>Image00272.jpg</filename>
	<path>D:\bump\data\Image00272.jpg</path>
	<source>
		<database>Unknown</database>
	</source>
	<size>
		<width>460</width>
		<height>816</height>
		<depth>3</depth>
	</size>
	<segmented>0</segmented>
	<object>
		<name>bump</name>
		<pose>Unspecified</pose>
		<truncated>0</truncated>
		<difficult>0</difficult>
		<bndbox>
			<xmin>60</xmin>
			<ymin>332</ymin>
			<xmax>344</xmax>
			<ymax>352</ymax>
		</bndbox>
	</object>
</annotation>
