<annotation>
	<folder>data</folder>
	<filename>Image00120.jpg</filename>
	<path>D:\bump\data\Image00120.jpg</path>
	<source>
		<database>Unknown</database>
	</source>
	<size>
		<width>816</width>
		<height>460</height>
		<depth>3</depth>
	</size>
	<segmented>0</segmented>
	<object>
		<name>bump</name>
		<pose>Unspecified</pose>
		<truncated>0</truncated>
		<difficult>0</difficult>
		<bndbox>
			<xmin>294</xmin>
			<ymin>148</ymin>
			<xmax>561</xmax>
			<ymax>169</ymax>
		</bndbox>
	</object>
</annotation>
