<annotation>
	<folder>data</folder>
	<filename>Image00266.jpg</filename>
	<path>D:\bump\data\Image00266.jpg</path>
	<source>
		<database>Unknown</database>
	</source>
	<size>
		<width>460</width>
		<height>816</height>
		<depth>3</depth>
	</size>
	<segmented>0</segmented>
	<object>
		<name>bump</name>
		<pose>Unspecified</pose>
		<truncated>0</truncated>
		<difficult>0</difficult>
		<bndbox>
			<xmin>102</xmin>
			<ymin>267</ymin>
			<xmax>385</xmax>
			<ymax>284</ymax>
		</bndbox>
	</object>
</annotation>
