<annotation>
	<folder>data</folder>
	<filename>Image00320.jpg</filename>
	<path>D:\bump\data\Image00320.jpg</path>
	<source>
		<database>Unknown</database>
	</source>
	<size>
		<width>460</width>
		<height>816</height>
		<depth>3</depth>
	</size>
	<segmented>0</segmented>
	<object>
		<name>bump</name>
		<pose>Unspecified</pose>
		<truncated>1</truncated>
		<difficult>0</difficult>
		<bndbox>
			<xmin>1</xmin>
			<ymin>369</ymin>
			<xmax>460</xmax>
			<ymax>418</ymax>
		</bndbox>
	</object>
</annotation>
