<annotation>
	<folder>data</folder>
	<filename>Image00331.jpg</filename>
	<path>D:\bump\data\Image00331.jpg</path>
	<source>
		<database>Unknown</database>
	</source>
	<size>
		<width>780</width>
		<height>1040</height>
		<depth>3</depth>
	</size>
	<segmented>0</segmented>
	<object>
		<name>bump</name>
		<pose>Unspecified</pose>
		<truncated>0</truncated>
		<difficult>0</difficult>
		<bndbox>
			<xmin>26</xmin>
			<ymin>362</ymin>
			<xmax>694</xmax>
			<ymax>404</ymax>
		</bndbox>
	</object>
</annotation>
