<annotation>
	<folder>data</folder>
	<filename>Image00040.jpg</filename>
	<path>D:\bump\data\Image00040.jpg</path>
	<source>
		<database>Unknown</database>
	</source>
	<size>
		<width>460</width>
		<height>816</height>
		<depth>3</depth>
	</size>
	<segmented>0</segmented>
	<object>
		<name>bump</name>
		<pose>Unspecified</pose>
		<truncated>0</truncated>
		<difficult>0</difficult>
		<bndbox>
			<xmin>53</xmin>
			<ymin>337</ymin>
			<xmax>413</xmax>
			<ymax>357</ymax>
		</bndbox>
	</object>
</annotation>
