<annotation>
	<folder>data</folder>
	<filename>Image00335.jpg</filename>
	<path>D:\bump\data\Image00335.jpg</path>
	<source>
		<database>Unknown</database>
	</source>
	<size>
		<width>780</width>
		<height>1040</height>
		<depth>3</depth>
	</size>
	<segmented>0</segmented>
	<object>
		<name>bump</name>
		<pose>Unspecified</pose>
		<truncated>0</truncated>
		<difficult>0</difficult>
		<bndbox>
			<xmin>100</xmin>
			<ymin>357</ymin>
			<xmax>600</xmax>
			<ymax>408</ymax>
		</bndbox>
	</object>
</annotation>
