<annotation>
	<folder>data</folder>
	<filename>Image00083.jpg</filename>
	<path>D:\bump\data\Image00083.jpg</path>
	<source>
		<database>Unknown</database>
	</source>
	<size>
		<width>460</width>
		<height>816</height>
		<depth>3</depth>
	</size>
	<segmented>0</segmented>
	<object>
		<name>bump</name>
		<pose>Unspecified</pose>
		<truncated>0</truncated>
		<difficult>0</difficult>
		<bndbox>
			<xmin>118</xmin>
			<ymin>292</ymin>
			<xmax>324</xmax>
			<ymax>303</ymax>
		</bndbox>
	</object>
</annotation>
