<annotation>
	<folder>data</folder>
	<filename>imgge75.jpg</filename>
	<path>D:\bump\data\imgge75.jpg</path>
	<source>
		<database>Unknown</database>
	</source>
	<size>
		<width>353</width>
		<height>627</height>
		<depth>3</depth>
	</size>
	<segmented>0</segmented>
	<object>
		<name>bump</name>
		<pose>Unspecified</pose>
		<truncated>0</truncated>
		<difficult>0</difficult>
		<bndbox>
			<xmin>66</xmin>
			<ymin>239</ymin>
			<xmax>339</xmax>
			<ymax>253</ymax>
		</bndbox>
	</object>
</annotation>
