<annotation>
	<folder>data</folder>
	<filename>imgge7.jpg</filename>
	<path>D:\bump\data\imgge7.jpg</path>
	<source>
		<database>Unknown</database>
	</source>
	<size>
		<width>353</width>
		<height>627</height>
		<depth>3</depth>
	</size>
	<segmented>0</segmented>
	<object>
		<name>bump</name>
		<pose>Unspecified</pose>
		<truncated>1</truncated>
		<difficult>0</difficult>
		<bndbox>
			<xmin>21</xmin>
			<ymin>283</ymin>
			<xmax>353</xmax>
			<ymax>308</ymax>
		</bndbox>
	</object>
</annotation>
